<?xml version="1.0" encoding="UTF-8"?>
<project-private xmlns="http://www.netbeans.org/ns/project-private/1">
    <editor-bookmarks xmlns="http://www.netbeans.org/ns/editor-bookmarks/2" lastBookmarkId="0"/>
    <open-files xmlns="http://www.netbeans.org/ns/projectui-open-files/2">
        <group>
            <file>file:/C:/Users/Windows/OneDrive/Documents/NetBeansProjects/LAB211_P0021/src/lab211_p0021/Student.java</file>
            <file>file:/C:/Users/Windows/OneDrive/Documents/NetBeansProjects/LAB211_P0021/src/lab211_p0021/main.java</file>
            <file>file:/C:/Users/Windows/OneDrive/Documents/NetBeansProjects/LAB211_P0021/src/lab211_p0021/Studentmanager.java</file>
        </group>
    </open-files>
</project-private>
